cluster id,Species,JGI species nickname,cluster type,trim length,candidate transcription factors (JGI Protein ID),number of genes ,evalue,bit info,bit info percentage,consensusseq,number of sites,minimum width,maximum width
1126949,Aspergillus niger,Aspni7,NRPS,400,"1126974, 1187367,1223042",57,2200,18.94243563,0.676515558,GMCAGCCRMGRASW,12,11,15
1585,Aspergillus bombycis,Aspbom1,Terpene,400,"1586, 1590, 1599, 1607, 1627, 1646",72,0.00013,16.66085289,0.555361763,WTYTHTTCYTTKTYY,28,11,15
308983,Aspergillus phoenicis,Aspph1,Hybrid,400,"258609, 241529, 339635",64,3200,23.61207972,0.787069324,ABKTCTGATKTCYKS,7,11,15
363683,Aspergillus piperis,Asppip1,PKS non-reducing ,400,"500956, 501041,",60,48,19.30737313,0.643579104,AGCAKSGWKGGGGKR,13,11,15
3694*,Aspergillus nidulans,Aspnid1,PKS-like,400,3700,55,0.0062,17.00204564,0.772820256,CTCGSTGRCCG,16,11,15
375915,Aspergillus steynii,Aspste1,PKS non-reducing ,400,"433424, 443651, 487283, 487301, 453185, 453189, 471414",82,2.10E-06,13.27678037,0.442559346,TYTKBMHTNTYHYYC,58,11,15
42025,Aspergillus aculeatis,Aspac1,NRPS,400,42057,55,2.20E-09,14.99115169,0.499705056,YYTCHYYCCYYYYCT,36,11,15
520563,Aspergillus versicolor,Aspve1,NRPS,400,"26379,  81201, 39012, 69969    ",61,8.1,17.46788989,0.582262996,AAMCMGHCCYCAWSG,19,11,15
763569,Aspergillus calidoustis,Aspcal1,DMAT,400,"763580, 763602,",72,130,19.87698133,0.764499282,ATCCCCGMBCTGC,11,11,15
768825,Aspergillus calidoustis,Aspcal1,PKS non-reducing,400,"768832, 768861, 768862, 768870",60,86,18.10844084,0.603614695,VTATNBAVCACAAAA,16,11,15
8033*,Aspergillus fumigatus ,Aspfu1,NRPS,400,8035,24,9.90E-10,19.20623244,0.685936873,TKYTCGGAKGCCGA,14,11,15
8528,Aspergillus bombycis,Aspbom1,PKS non-reducing,400,"8562, 8565",52,0.068,17.4807892,0.582692973,TTTMHYYTTTKYTWH,21,11,15
8622,Aspergillus niger,Aspni_NRRL3_1,Terpene,400,"8625, 8635, 8652, 8671, 8673",60,0.013,22.13014934,0.737671645,CDACCCCCAYYCTTG,10,11,15
9827,Aspergillus niger,Aspni_NRRL3_1,PKS non-reducing,400,"9817, 9831, 9840, 9846",57,0.00034,17.26841418,0.575613806,CYRTYYCCKCCTYCC,20,11,15
*clusters used in proof of concept,,,,,,,,,,,,,